{
    "actions_min": [
        -1.0,
        -1.0,
        -1.0,
        -0.9628571271896362,
        -1.0,
        -1.0,
        -1.0
    ],
    "actions_max": [
        1.0,
        1.0,
        1.0,
        1.0,
        1.0,
        0.8771428465843201,
        1.0
    ],
    "actions_mean": [
        0.02788267657160759,
        -0.006805530283600092,
        0.004963276907801628,
        0.009978516958653927,
        -0.0037347604520618916,
        -0.0007321370067074895,
        -0.2009667307138443
    ],
    "actions_std": [
        0.37010669708251953,
        0.36192601919174194,
        0.3375556468963623,
        0.0979122668504715,
        0.12407422065734863,
        0.09049614518880844,
        0.9798909425735474
    ],
    "actions_median": [
        0.0,
        0.0,
        0.0,
        0.0,
        0.0,
        0.0,
        -1.0
    ],
    "proprio_min": [
        0.023603839799761772,
        -4.570391654968262,
        0.7223209738731384,
        -0.993483304977417,
        -0.9998065233230591,
        -0.7930024266242981,
        -0.8676254153251648,
        -0.002400351455435157,
        -0.045370813459157944
    ],
    "proprio_max": [
        6.286665916442871,
        -0.020311448723077774,
        1.694928765296936,
        0.999819278717041,
        0.999553382396698,
        0.9035127758979797,
        0.9593141078948975,
        0.045577503740787506,
        0.0019129883730784059
    ],
    "proprio_mean": [
        2.4566612243652344,
        -1.4620814323425293,
        1.1746869087219238,
        0.4904765188694,
        -0.04065372049808502,
        0.14911767840385437,
        -0.0042852009646594524,
        0.03139297664165497,
        -0.03144707903265953
    ],
    "proprio_std": [
        1.7135133743286133,
        0.9210568070411682,
        0.2183740884065628,
        0.40917208790779114,
        0.669510543346405,
        0.22252780199050903,
        0.26514947414398193,
        0.01202795933932066,
        0.012213334441184998
    ],
    "proprio_median": [
        2.4543142318725586,
        -1.499665379524231,
        1.1280640363693237,
        0.6366285085678101,
        0.023612163960933685,
        0.1178496927022934,
        -0.0012671755393967032,
        0.03926801681518555,
        -0.03929614648222923
    ]
}