{
    "actions_min": [
        -1.0,
        -1.0,
        -1.0,
        -0.6828571557998657,
        -0.7342857122421265,
        -0.8914285898208618,
        -1.0
    ],
    "actions_max": [
        1.0,
        1.0,
        1.0,
        1.0,
        0.822857141494751,
        0.6828571557998657,
        -1.0
    ],
    "actions_mean": [
        0.07615165412425995,
        -0.04473385587334633,
        0.027496544644236565,
        -0.04960022494196892,
        -0.04474755749106407,
        -0.02430284209549427,
        -1.0
    ],
    "actions_std": [
        0.5072391033172607,
        0.4615030288696289,
        0.3174225389957428,
        0.15661129355430603,
        0.14759109914302826,
        0.13754388689994812,
        0.0
    ],
    "actions_median": [
        0.0,
        0.0,
        0.0,
        -0.014285714365541935,
        -0.03999999910593033,
        0.0,
        -1.0
    ],
    "proprio_min": [
        0.0,
        0.0,
        0.0,
        0.0,
        0.0,
        0.0,
        0.0,
        0.0,
        0.0
    ],
    "proprio_max": [
        0.0,
        0.0,
        0.0,
        0.0,
        0.0,
        0.0,
        0.0,
        0.0,
        0.0
    ],
    "proprio_mean": [
        0.0,
        0.0,
        0.0,
        0.0,
        0.0,
        0.0,
        0.0,
        0.0,
        0.0
    ],
    "proprio_std": [
        0.0,
        0.0,
        0.0,
        0.0,
        0.0,
        0.0,
        0.0,
        0.0,
        0.0
    ],
    "proprio_median": [
        0.0,
        0.0,
        0.0,
        0.0,
        0.0,
        0.0,
        0.0,
        0.0,
        0.0
    ]
}