{
    "actions_min": [
        -1.0,
        -1.0,
        -0.9785714149475098,
        -0.3085714280605316,
        -0.5285714268684387,
        -0.4399999976158142,
        -1.0
    ],
    "actions_max": [
        0.9714285731315613,
        1.0,
        0.9857142567634583,
        0.3514285683631897,
        0.4171428680419922,
        0.3199999928474426,
        1.0
    ],
    "actions_mean": [
        0.0040344661101698875,
        0.0004652855568565428,
        0.001462852000258863,
        0.0009323190897703171,
        -0.009431698359549046,
        -0.002922403160482645,
        0.15638013184070587
    ],
    "actions_std": [
        0.3165362477302551,
        0.16010969877243042,
        0.25130632519721985,
        0.02681870199739933,
        0.06650637835264206,
        0.06557029485702515,
        0.9876734018325806
    ],
    "actions_median": [
        0.0,
        0.0,
        0.0,
        0.0,
        0.0,
        0.0,
        1.0
    ],
    "proprio_min": [
        0.0,
        0.0,
        0.0,
        0.0,
        0.0,
        0.0,
        0.0,
        0.0,
        0.0
    ],
    "proprio_max": [
        0.0,
        0.0,
        0.0,
        0.0,
        0.0,
        0.0,
        0.0,
        0.0,
        0.0
    ],
    "proprio_mean": [
        0.0,
        0.0,
        0.0,
        0.0,
        0.0,
        0.0,
        0.0,
        0.0,
        0.0
    ],
    "proprio_std": [
        0.0,
        0.0,
        0.0,
        0.0,
        0.0,
        0.0,
        0.0,
        0.0,
        0.0
    ],
    "proprio_median": [
        0.0,
        0.0,
        0.0,
        0.0,
        0.0,
        0.0,
        0.0,
        0.0,
        0.0
    ]
}