{
    "actions_min": [
        -1.0,
        -1.0,
        -0.9785714149475098,
        -0.3085714280605316,
        -0.5285714268684387,
        -0.4399999976158142,
        -1.0
    ],
    "actions_max": [
        0.9714285731315613,
        1.0,
        0.9857142567634583,
        0.3514285683631897,
        0.38857144117355347,
        0.3199999928474426,
        1.0
    ],
    "actions_mean": [
        0.004285313654690981,
        0.0014439544174820185,
        0.0006172303110361099,
        0.0010654861107468605,
        -0.009421354159712791,
        -0.002864679554477334,
        0.16405126452445984
    ],
    "actions_std": [
        0.31357935070991516,
        0.16222599148750305,
        0.2523721158504486,
        0.026871221140027046,
        0.06557478755712509,
        0.06562942266464233,
        0.9865996837615967
    ],
    "actions_median": [
        0.0,
        0.0,
        0.0,
        0.0,
        0.0,
        0.0,
        1.0
    ],
    "proprio_min": [
        0.0,
        0.0,
        0.0,
        0.0,
        0.0,
        0.0,
        0.0,
        0.0,
        0.0
    ],
    "proprio_max": [
        0.0,
        0.0,
        0.0,
        0.0,
        0.0,
        0.0,
        0.0,
        0.0,
        0.0
    ],
    "proprio_mean": [
        0.0,
        0.0,
        0.0,
        0.0,
        0.0,
        0.0,
        0.0,
        0.0,
        0.0
    ],
    "proprio_std": [
        0.0,
        0.0,
        0.0,
        0.0,
        0.0,
        0.0,
        0.0,
        0.0,
        0.0
    ],
    "proprio_median": [
        0.0,
        0.0,
        0.0,
        0.0,
        0.0,
        0.0,
        0.0,
        0.0,
        0.0
    ]
}