{
    "actions_min": [
        -1.0,
        -1.0,
        -1.0,
        -0.9628571271896362,
        -1.0,
        -1.0,
        -1.0
    ],
    "actions_max": [
        1.0,
        1.0,
        1.0,
        1.0,
        1.0,
        0.8771428465843201,
        1.0
    ],
    "actions_mean": [
        0.02849658951163292,
        -0.00604628911241889,
        0.004594501573592424,
        0.009516472928225994,
        -0.004311645869165659,
        -0.0009067009086720645,
        -0.2036064863204956
    ],
    "actions_std": [
        0.37125664949417114,
        0.3631463646888733,
        0.3368092477321625,
        0.09760336577892303,
        0.12464313954114914,
        0.09155615419149399,
        0.9796335101127625
    ],
    "actions_median": [
        0.0,
        0.0,
        0.0,
        0.0,
        0.0,
        0.0,
        -1.0
    ],
    "proprio_min": [
        0.023603839799761772,
        -4.570391654968262,
        0.7223209738731384,
        -0.993483304977417,
        -0.9998065233230591,
        -0.8343032002449036,
        -0.8676254153251648,
        -0.002400351455435157,
        -0.045370813459157944
    ],
    "proprio_max": [
        6.286665916442871,
        -0.020311448723077774,
        1.694928765296936,
        0.999819278717041,
        0.999553382396698,
        0.9035127758979797,
        0.9593141078948975,
        0.045577503740787506,
        0.0019129883730784059
    ],
    "proprio_mean": [
        2.4135677814483643,
        -1.4758281707763672,
        1.174618124961853,
        0.4901261329650879,
        -0.04494427144527435,
        0.14821822941303253,
        -0.0035595977678894997,
        0.031496014446020126,
        -0.031479328870773315
    ],
    "proprio_std": [
        1.7101237773895264,
        0.9328500032424927,
        0.2181573212146759,
        0.40636441111564636,
        0.6702866554260254,
        0.22671295702457428,
        0.26442763209342957,
        0.011975389905273914,
        0.012200032360851765
    ],
    "proprio_median": [
        2.383793830871582,
        -1.5215458869934082,
        1.1274499893188477,
        0.6342507004737854,
        0.019754545763134956,
        0.11578062176704407,
        -0.0009335002396255732,
        0.039280179888010025,
        -0.03929704427719116
    ]
}