{
    "actions_min": [
        -0.7571428418159485,
        -1.0,
        -0.7785714268684387,
        -0.43142858147621155,
        -0.2257142812013626,
        -0.4571428596973419,
        -1.0
    ],
    "actions_max": [
        1.0,
        0.8928571343421936,
        0.5285714268684387,
        0.11999999731779099,
        0.3742857277393341,
        0.18571428954601288,
        -1.0
    ],
    "actions_mean": [
        0.0807976946234703,
        -0.07832469791173935,
        0.05111020803451538,
        -0.07503526657819748,
        -0.03209826722741127,
        -0.028818145394325256,
        -1.0
    ],
    "actions_std": [
        0.5459046363830566,
        0.4721033275127411,
        0.2663322687149048,
        0.11446009576320648,
        0.10149741917848587,
        0.10406625270843506,
        0.0
    ],
    "actions_median": [
        0.0,
        0.0,
        0.0,
        -0.025714285671710968,
        -0.022857142612338066,
        0.0,
        -1.0
    ],
    "proprio_min": [
        0.0,
        0.0,
        0.0,
        0.0,
        0.0,
        0.0,
        0.0,
        0.0,
        0.0
    ],
    "proprio_max": [
        0.0,
        0.0,
        0.0,
        0.0,
        0.0,
        0.0,
        0.0,
        0.0,
        0.0
    ],
    "proprio_mean": [
        0.0,
        0.0,
        0.0,
        0.0,
        0.0,
        0.0,
        0.0,
        0.0,
        0.0
    ],
    "proprio_std": [
        0.0,
        0.0,
        0.0,
        0.0,
        0.0,
        0.0,
        0.0,
        0.0,
        0.0
    ],
    "proprio_median": [
        0.0,
        0.0,
        0.0,
        0.0,
        0.0,
        0.0,
        0.0,
        0.0,
        0.0
    ]
}