{
    "actions_min": [
        -1.0,
        -1.0,
        -1.0,
        -0.8600000143051147,
        -1.0,
        -0.9942857027053833,
        -1.0
    ],
    "actions_max": [
        1.0,
        1.0,
        1.0,
        0.8742856979370117,
        0.8514285683631897,
        0.7742857336997986,
        1.0
    ],
    "actions_mean": [
        0.03473521023988724,
        0.0016720888670533895,
        0.0008455808274447918,
        0.004819289781153202,
        -0.010176342912018299,
        -0.0026812630239874125,
        -0.2304423600435257
    ],
    "actions_std": [
        0.3833344578742981,
        0.37546753883361816,
        0.32883498072624207,
        0.09406592696905136,
        0.13039760291576385,
        0.1017518937587738,
        0.9729894399642944
    ],
    "actions_median": [
        0.0,
        0.0,
        0.0,
        0.0,
        0.0,
        0.0,
        -1.0
    ],
    "proprio_min": [
        0.031070593744516373,
        -4.502505302429199,
        0.7427518367767334,
        -0.5886179208755493,
        -0.9990552663803101,
        -0.8343032002449036,
        -0.8382437229156494,
        -0.002050244016572833,
        -0.04361337423324585
    ],
    "proprio_max": [
        5.878247261047363,
        -0.10223797708749771,
        1.652801275253296,
        0.9995868802070618,
        0.9974395036697388,
        0.8532777428627014,
        0.8187180161476135,
        0.045111034065485,
        0.0010581212118268013
    ],
    "proprio_mean": [
        1.975980281829834,
        -1.6149357557296753,
        1.1738042831420898,
        0.4865598678588867,
        -0.08856114745140076,
        0.13906711339950562,
        0.003817358985543251,
        0.03252774849534035,
        -0.03179645538330078
    ],
    "proprio_std": [
        1.6114962100982666,
        1.0350526571273804,
        0.21597063541412354,
        0.37663713097572327,
        0.6765949726104736,
        0.26538515090942383,
        0.25689053535461426,
        0.011382399126887321,
        0.012049813754856586
    ],
    "proprio_median": [
        1.3845183849334717,
        -1.8005564212799072,
        1.1179802417755127,
        0.6111874580383301,
        -0.09790052473545074,
        0.09287293255329132,
        0.0040058717131614685,
        0.03940698131918907,
        -0.03930269181728363
    ]
}