{
    "actions_min": [
        -1.0,
        -0.8142856955528259,
        -0.7642857432365417,
        -0.18857142329216003,
        -0.3142857253551483,
        -0.24571429193019867,
        -1.0
    ],
    "actions_max": [
        0.6642857193946838,
        0.7571428418159485,
        0.8928571343421936,
        0.12857143580913544,
        0.4171428680419922,
        0.3199999928474426,
        1.0
    ],
    "actions_mean": [
        0.001587573206052184,
        -0.009081362746655941,
        0.00971162784844637,
        -0.00036669234395958483,
        -0.009533035568892956,
        -0.0034854861441999674,
        0.08155079931020737
    ],
    "actions_std": [
        0.3440236449241638,
        0.13737726211547852,
        0.2405596822500229,
        0.026352010667324066,
        0.07498526573181152,
        0.06496258825063705,
        0.9966599345207214
    ],
    "actions_median": [
        0.0,
        0.0,
        0.0,
        0.0,
        0.0,
        0.0,
        1.0
    ],
    "proprio_min": [
        0.0,
        0.0,
        0.0,
        0.0,
        0.0,
        0.0,
        0.0,
        0.0,
        0.0
    ],
    "proprio_max": [
        0.0,
        0.0,
        0.0,
        0.0,
        0.0,
        0.0,
        0.0,
        0.0,
        0.0
    ],
    "proprio_mean": [
        0.0,
        0.0,
        0.0,
        0.0,
        0.0,
        0.0,
        0.0,
        0.0,
        0.0
    ],
    "proprio_std": [
        0.0,
        0.0,
        0.0,
        0.0,
        0.0,
        0.0,
        0.0,
        0.0,
        0.0
    ],
    "proprio_median": [
        0.0,
        0.0,
        0.0,
        0.0,
        0.0,
        0.0,
        0.0,
        0.0,
        0.0
    ]
}